<?xml version="1.0" encoding="UTF-8"?>
<spirit:component xmlns:xilinx="http://www.xilinx.com" xmlns:spirit="http://www.spiritconsortium.org/XMLSchema/SPIRIT/1685-2009" xmlns:xsi="http://www.w3.org/2001/XMLSchema-instance">
  <spirit:vendor>xilinx.com</spirit:vendor>
  <spirit:library>user</spirit:library>
  <spirit:name>DMA_Controller</spirit:name>
  <spirit:version>1.0</spirit:version>
  <spirit:busInterfaces>
    <spirit:busInterface>
      <spirit:name>M00_AXI</spirit:name>
      <spirit:busType spirit:vendor="xilinx.com" spirit:library="interface" spirit:name="aximm" spirit:version="1.0"/>
      <spirit:abstractionType spirit:vendor="xilinx.com" spirit:library="interface" spirit:name="aximm_rtl" spirit:version="1.0"/>
      <spirit:master>
        <spirit:addressSpaceRef spirit:addressSpaceRef="M00_AXI"/>
      </spirit:master>
      <spirit:portMaps>
        <spirit:portMap>
          <spirit:logicalPort>
            <spirit:name>AWADDR</spirit:name>
          </spirit:logicalPort>
          <spirit:physicalPort>
            <spirit:name>m00_axi_awaddr</spirit:name>
          </spirit:physicalPort>
        </spirit:portMap>
        <spirit:portMap>
          <spirit:logicalPort>
            <spirit:name>AWPROT</spirit:name>
          </spirit:logicalPort>
          <spirit:physicalPort>
            <spirit:name>m00_axi_awprot</spirit:name>
          </spirit:physicalPort>
        </spirit:portMap>
        <spirit:portMap>
          <spirit:logicalPort>
            <spirit:name>AWVALID</spirit:name>
          </spirit:logicalPort>
          <spirit:physicalPort>
            <spirit:name>m00_axi_awvalid</spirit:name>
          </spirit:physicalPort>
        </spirit:portMap>
        <spirit:portMap>
          <spirit:logicalPort>
            <spirit:name>AWREADY</spirit:name>
          </spirit:logicalPort>
          <spirit:physicalPort>
            <spirit:name>m00_axi_awready</spirit:name>
          </spirit:physicalPort>
        </spirit:portMap>
        <spirit:portMap>
          <spirit:logicalPort>
            <spirit:name>WDATA</spirit:name>
          </spirit:logicalPort>
          <spirit:physicalPort>
            <spirit:name>m00_axi_wdata</spirit:name>
          </spirit:physicalPort>
        </spirit:portMap>
        <spirit:portMap>
          <spirit:logicalPort>
            <spirit:name>WSTRB</spirit:name>
          </spirit:logicalPort>
          <spirit:physicalPort>
            <spirit:name>m00_axi_wstrb</spirit:name>
          </spirit:physicalPort>
        </spirit:portMap>
        <spirit:portMap>
          <spirit:logicalPort>
            <spirit:name>WVALID</spirit:name>
          </spirit:logicalPort>
          <spirit:physicalPort>
            <spirit:name>m00_axi_wvalid</spirit:name>
          </spirit:physicalPort>
        </spirit:portMap>
        <spirit:portMap>
          <spirit:logicalPort>
            <spirit:name>WREADY</spirit:name>
          </spirit:logicalPort>
          <spirit:physicalPort>
            <spirit:name>m00_axi_wready</spirit:name>
          </spirit:physicalPort>
        </spirit:portMap>
        <spirit:portMap>
          <spirit:logicalPort>
            <spirit:name>BRESP</spirit:name>
          </spirit:logicalPort>
          <spirit:physicalPort>
            <spirit:name>m00_axi_bresp</spirit:name>
          </spirit:physicalPort>
        </spirit:portMap>
        <spirit:portMap>
          <spirit:logicalPort>
            <spirit:name>BVALID</spirit:name>
          </spirit:logicalPort>
          <spirit:physicalPort>
            <spirit:name>m00_axi_bvalid</spirit:name>
          </spirit:physicalPort>
        </spirit:portMap>
        <spirit:portMap>
          <spirit:logicalPort>
            <spirit:name>BREADY</spirit:name>
          </spirit:logicalPort>
          <spirit:physicalPort>
            <spirit:name>m00_axi_bready</spirit:name>
          </spirit:physicalPort>
        </spirit:portMap>
        <spirit:portMap>
          <spirit:logicalPort>
            <spirit:name>ARADDR</spirit:name>
          </spirit:logicalPort>
          <spirit:physicalPort>
            <spirit:name>m00_axi_araddr</spirit:name>
          </spirit:physicalPort>
        </spirit:portMap>
        <spirit:portMap>
          <spirit:logicalPort>
            <spirit:name>ARPROT</spirit:name>
          </spirit:logicalPort>
          <spirit:physicalPort>
            <spirit:name>m00_axi_arprot</spirit:name>
          </spirit:physicalPort>
        </spirit:portMap>
        <spirit:portMap>
          <spirit:logicalPort>
            <spirit:name>ARVALID</spirit:name>
          </spirit:logicalPort>
          <spirit:physicalPort>
            <spirit:name>m00_axi_arvalid</spirit:name>
          </spirit:physicalPort>
        </spirit:portMap>
        <spirit:portMap>
          <spirit:logicalPort>
            <spirit:name>ARREADY</spirit:name>
          </spirit:logicalPort>
          <spirit:physicalPort>
            <spirit:name>m00_axi_arready</spirit:name>
          </spirit:physicalPort>
        </spirit:portMap>
        <spirit:portMap>
          <spirit:logicalPort>
            <spirit:name>RDATA</spirit:name>
          </spirit:logicalPort>
          <spirit:physicalPort>
            <spirit:name>m00_axi_rdata</spirit:name>
          </spirit:physicalPort>
        </spirit:portMap>
        <spirit:portMap>
          <spirit:logicalPort>
            <spirit:name>RRESP</spirit:name>
          </spirit:logicalPort>
          <spirit:physicalPort>
            <spirit:name>m00_axi_rresp</spirit:name>
          </spirit:physicalPort>
        </spirit:portMap>
        <spirit:portMap>
          <spirit:logicalPort>
            <spirit:name>RVALID</spirit:name>
          </spirit:logicalPort>
          <spirit:physicalPort>
            <spirit:name>m00_axi_rvalid</spirit:name>
          </spirit:physicalPort>
        </spirit:portMap>
        <spirit:portMap>
          <spirit:logicalPort>
            <spirit:name>RREADY</spirit:name>
          </spirit:logicalPort>
          <spirit:physicalPort>
            <spirit:name>m00_axi_rready</spirit:name>
          </spirit:physicalPort>
        </spirit:portMap>
      </spirit:portMaps>
      <spirit:parameters>
        <spirit:parameter>
          <spirit:name>WIZ_DATA_WIDTH</spirit:name>
          <spirit:value spirit:format="long" spirit:id="BUSIFPARAM_VALUE.M00_AXI.WIZ_DATA_WIDTH" spirit:choiceRef="choice_list_6fc15197">32</spirit:value>
        </spirit:parameter>
        <spirit:parameter>
          <spirit:name>SUPPORTS_NARROW_BURST</spirit:name>
          <spirit:value spirit:format="long" spirit:id="BUSIFPARAM_VALUE.M00_AXI.SUPPORTS_NARROW_BURST" spirit:choiceRef="choice_pairs_ce1226b1">0</spirit:value>
        </spirit:parameter>
      </spirit:parameters>
    </spirit:busInterface>
    <spirit:busInterface>
      <spirit:name>M00_AXI_RST</spirit:name>
      <spirit:busType spirit:vendor="xilinx.com" spirit:library="signal" spirit:name="reset" spirit:version="1.0"/>
      <spirit:abstractionType spirit:vendor="xilinx.com" spirit:library="signal" spirit:name="reset_rtl" spirit:version="1.0"/>
      <spirit:slave/>
      <spirit:portMaps>
        <spirit:portMap>
          <spirit:logicalPort>
            <spirit:name>RST</spirit:name>
          </spirit:logicalPort>
          <spirit:physicalPort>
            <spirit:name>m00_axi_aresetn</spirit:name>
          </spirit:physicalPort>
        </spirit:portMap>
      </spirit:portMaps>
      <spirit:parameters>
        <spirit:parameter>
          <spirit:name>POLARITY</spirit:name>
          <spirit:value spirit:id="BUSIFPARAM_VALUE.M00_AXI_RST.POLARITY" spirit:choiceRef="choice_list_9d8b0d81">ACTIVE_LOW</spirit:value>
        </spirit:parameter>
      </spirit:parameters>
    </spirit:busInterface>
    <spirit:busInterface>
      <spirit:name>M00_AXI_CLK</spirit:name>
      <spirit:busType spirit:vendor="xilinx.com" spirit:library="signal" spirit:name="clock" spirit:version="1.0"/>
      <spirit:abstractionType spirit:vendor="xilinx.com" spirit:library="signal" spirit:name="clock_rtl" spirit:version="1.0"/>
      <spirit:slave/>
      <spirit:portMaps>
        <spirit:portMap>
          <spirit:logicalPort>
            <spirit:name>CLK</spirit:name>
          </spirit:logicalPort>
          <spirit:physicalPort>
            <spirit:name>m00_axi_aclk</spirit:name>
          </spirit:physicalPort>
        </spirit:portMap>
      </spirit:portMaps>
      <spirit:parameters>
        <spirit:parameter>
          <spirit:name>ASSOCIATED_BUSIF</spirit:name>
          <spirit:value spirit:id="BUSIFPARAM_VALUE.M00_AXI_CLK.ASSOCIATED_BUSIF">M00_AXI</spirit:value>
        </spirit:parameter>
        <spirit:parameter>
          <spirit:name>ASSOCIATED_RESET</spirit:name>
          <spirit:value spirit:id="BUSIFPARAM_VALUE.M00_AXI_CLK.ASSOCIATED_RESET">m00_axi_aresetn</spirit:value>
        </spirit:parameter>
      </spirit:parameters>
    </spirit:busInterface>
  </spirit:busInterfaces>
  <spirit:addressSpaces>
    <spirit:addressSpace>
      <spirit:name>M00_AXI</spirit:name>
      <spirit:range spirit:format="long" spirit:resolve="dependent" spirit:dependency="pow(2,(spirit:decode(id(&apos;MODELPARAM_VALUE.C_M00_AXI_ADDR_WIDTH&apos;)) - 1) + 1)" spirit:minimum="0" spirit:maximum="4294967296" spirit:rangeType="long">4294967296</spirit:range>
      <spirit:width spirit:format="long" spirit:resolve="dependent" spirit:dependency="(spirit:decode(id(&apos;MODELPARAM_VALUE.C_M00_AXI_DATA_WIDTH&apos;)) - 1) + 1">32</spirit:width>
    </spirit:addressSpace>
  </spirit:addressSpaces>
  <spirit:model>
    <spirit:views>
      <spirit:view>
        <spirit:name>xilinx_verilogsynthesis</spirit:name>
        <spirit:displayName>Verilog Synthesis</spirit:displayName>
        <spirit:envIdentifier>verilogSource:vivado.xilinx.com:synthesis</spirit:envIdentifier>
        <spirit:language>verilog</spirit:language>
        <spirit:modelName>DMA_Controller_v1_0</spirit:modelName>
        <spirit:fileSetRef>
          <spirit:localName>xilinx_verilogsynthesis_view_fileset</spirit:localName>
        </spirit:fileSetRef>
        <spirit:parameters>
          <spirit:parameter>
            <spirit:name>viewChecksum</spirit:name>
            <spirit:value>dcb768fb</spirit:value>
          </spirit:parameter>
        </spirit:parameters>
      </spirit:view>
      <spirit:view>
        <spirit:name>xilinx_verilogbehavioralsimulation</spirit:name>
        <spirit:displayName>Verilog Simulation</spirit:displayName>
        <spirit:envIdentifier>verilogSource:vivado.xilinx.com:simulation</spirit:envIdentifier>
        <spirit:language>verilog</spirit:language>
        <spirit:modelName>DMA_Controller_v1_0</spirit:modelName>
        <spirit:fileSetRef>
          <spirit:localName>xilinx_verilogbehavioralsimulation_view_fileset</spirit:localName>
        </spirit:fileSetRef>
        <spirit:parameters>
          <spirit:parameter>
            <spirit:name>viewChecksum</spirit:name>
            <spirit:value>dcb768fb</spirit:value>
          </spirit:parameter>
        </spirit:parameters>
      </spirit:view>
      <spirit:view>
        <spirit:name>xilinx_xpgui</spirit:name>
        <spirit:displayName>UI Layout</spirit:displayName>
        <spirit:envIdentifier>:vivado.xilinx.com:xgui.ui</spirit:envIdentifier>
        <spirit:fileSetRef>
          <spirit:localName>xilinx_xpgui_view_fileset</spirit:localName>
        </spirit:fileSetRef>
        <spirit:parameters>
          <spirit:parameter>
            <spirit:name>viewChecksum</spirit:name>
            <spirit:value>18f8d891</spirit:value>
          </spirit:parameter>
        </spirit:parameters>
      </spirit:view>
      <spirit:view>
        <spirit:name>bd_tcl</spirit:name>
        <spirit:displayName>Block Diagram</spirit:displayName>
        <spirit:envIdentifier>:vivado.xilinx.com:block.diagram</spirit:envIdentifier>
        <spirit:fileSetRef>
          <spirit:localName>bd_tcl_view_fileset</spirit:localName>
        </spirit:fileSetRef>
        <spirit:parameters>
          <spirit:parameter>
            <spirit:name>viewChecksum</spirit:name>
            <spirit:value>16328387</spirit:value>
          </spirit:parameter>
        </spirit:parameters>
      </spirit:view>
    </spirit:views>
    <spirit:ports>
      <spirit:port>
        <spirit:name>m00_axi_txn_done</spirit:name>
        <spirit:wire>
          <spirit:direction>out</spirit:direction>
          <spirit:wireTypeDefs>
            <spirit:wireTypeDef>
              <spirit:typeName>wire</spirit:typeName>
              <spirit:viewNameRef>xilinx_verilogsynthesis</spirit:viewNameRef>
              <spirit:viewNameRef>xilinx_verilogbehavioralsimulation</spirit:viewNameRef>
            </spirit:wireTypeDef>
          </spirit:wireTypeDefs>
        </spirit:wire>
      </spirit:port>
      <spirit:port>
        <spirit:name>m00_axi_aclk</spirit:name>
        <spirit:wire>
          <spirit:direction>in</spirit:direction>
          <spirit:wireTypeDefs>
            <spirit:wireTypeDef>
              <spirit:typeName>wire</spirit:typeName>
              <spirit:viewNameRef>xilinx_verilogsynthesis</spirit:viewNameRef>
              <spirit:viewNameRef>xilinx_verilogbehavioralsimulation</spirit:viewNameRef>
            </spirit:wireTypeDef>
          </spirit:wireTypeDefs>
        </spirit:wire>
      </spirit:port>
      <spirit:port>
        <spirit:name>m00_axi_aresetn</spirit:name>
        <spirit:wire>
          <spirit:direction>in</spirit:direction>
          <spirit:wireTypeDefs>
            <spirit:wireTypeDef>
              <spirit:typeName>wire</spirit:typeName>
              <spirit:viewNameRef>xilinx_verilogsynthesis</spirit:viewNameRef>
              <spirit:viewNameRef>xilinx_verilogbehavioralsimulation</spirit:viewNameRef>
            </spirit:wireTypeDef>
          </spirit:wireTypeDefs>
        </spirit:wire>
      </spirit:port>
      <spirit:port>
        <spirit:name>m00_axi_awaddr</spirit:name>
        <spirit:wire>
          <spirit:direction>out</spirit:direction>
          <spirit:vector>
            <spirit:left spirit:format="long" spirit:resolve="dependent" spirit:dependency="(spirit:decode(id(&apos;MODELPARAM_VALUE.C_M00_AXI_ADDR_WIDTH&apos;)) - 1)">31</spirit:left>
            <spirit:right spirit:format="long">0</spirit:right>
          </spirit:vector>
          <spirit:wireTypeDefs>
            <spirit:wireTypeDef>
              <spirit:typeName>wire</spirit:typeName>
              <spirit:viewNameRef>xilinx_verilogsynthesis</spirit:viewNameRef>
              <spirit:viewNameRef>xilinx_verilogbehavioralsimulation</spirit:viewNameRef>
            </spirit:wireTypeDef>
          </spirit:wireTypeDefs>
        </spirit:wire>
      </spirit:port>
      <spirit:port>
        <spirit:name>m00_axi_awprot</spirit:name>
        <spirit:wire>
          <spirit:direction>out</spirit:direction>
          <spirit:vector>
            <spirit:left spirit:format="long">2</spirit:left>
            <spirit:right spirit:format="long">0</spirit:right>
          </spirit:vector>
          <spirit:wireTypeDefs>
            <spirit:wireTypeDef>
              <spirit:typeName>wire</spirit:typeName>
              <spirit:viewNameRef>xilinx_verilogsynthesis</spirit:viewNameRef>
              <spirit:viewNameRef>xilinx_verilogbehavioralsimulation</spirit:viewNameRef>
            </spirit:wireTypeDef>
          </spirit:wireTypeDefs>
        </spirit:wire>
      </spirit:port>
      <spirit:port>
        <spirit:name>m00_axi_awvalid</spirit:name>
        <spirit:wire>
          <spirit:direction>out</spirit:direction>
          <spirit:wireTypeDefs>
            <spirit:wireTypeDef>
              <spirit:typeName>wire</spirit:typeName>
              <spirit:viewNameRef>xilinx_verilogsynthesis</spirit:viewNameRef>
              <spirit:viewNameRef>xilinx_verilogbehavioralsimulation</spirit:viewNameRef>
            </spirit:wireTypeDef>
          </spirit:wireTypeDefs>
        </spirit:wire>
      </spirit:port>
      <spirit:port>
        <spirit:name>m00_axi_awready</spirit:name>
        <spirit:wire>
          <spirit:direction>in</spirit:direction>
          <spirit:wireTypeDefs>
            <spirit:wireTypeDef>
              <spirit:typeName>wire</spirit:typeName>
              <spirit:viewNameRef>xilinx_verilogsynthesis</spirit:viewNameRef>
              <spirit:viewNameRef>xilinx_verilogbehavioralsimulation</spirit:viewNameRef>
            </spirit:wireTypeDef>
          </spirit:wireTypeDefs>
        </spirit:wire>
      </spirit:port>
      <spirit:port>
        <spirit:name>m00_axi_wdata</spirit:name>
        <spirit:wire>
          <spirit:direction>out</spirit:direction>
          <spirit:vector>
            <spirit:left spirit:format="long" spirit:resolve="dependent" spirit:dependency="(spirit:decode(id(&apos;MODELPARAM_VALUE.C_M00_AXI_DATA_WIDTH&apos;)) - 1)">31</spirit:left>
            <spirit:right spirit:format="long">0</spirit:right>
          </spirit:vector>
          <spirit:wireTypeDefs>
            <spirit:wireTypeDef>
              <spirit:typeName>wire</spirit:typeName>
              <spirit:viewNameRef>xilinx_verilogsynthesis</spirit:viewNameRef>
              <spirit:viewNameRef>xilinx_verilogbehavioralsimulation</spirit:viewNameRef>
            </spirit:wireTypeDef>
          </spirit:wireTypeDefs>
        </spirit:wire>
      </spirit:port>
      <spirit:port>
        <spirit:name>m00_axi_wstrb</spirit:name>
        <spirit:wire>
          <spirit:direction>out</spirit:direction>
          <spirit:vector>
            <spirit:left spirit:format="long" spirit:resolve="dependent" spirit:dependency="((spirit:decode(id(&apos;MODELPARAM_VALUE.C_M00_AXI_DATA_WIDTH&apos;)) / 8) - 1)">3</spirit:left>
            <spirit:right spirit:format="long">0</spirit:right>
          </spirit:vector>
          <spirit:wireTypeDefs>
            <spirit:wireTypeDef>
              <spirit:typeName>wire</spirit:typeName>
              <spirit:viewNameRef>xilinx_verilogsynthesis</spirit:viewNameRef>
              <spirit:viewNameRef>xilinx_verilogbehavioralsimulation</spirit:viewNameRef>
            </spirit:wireTypeDef>
          </spirit:wireTypeDefs>
        </spirit:wire>
      </spirit:port>
      <spirit:port>
        <spirit:name>m00_axi_wvalid</spirit:name>
        <spirit:wire>
          <spirit:direction>out</spirit:direction>
          <spirit:wireTypeDefs>
            <spirit:wireTypeDef>
              <spirit:typeName>wire</spirit:typeName>
              <spirit:viewNameRef>xilinx_verilogsynthesis</spirit:viewNameRef>
              <spirit:viewNameRef>xilinx_verilogbehavioralsimulation</spirit:viewNameRef>
            </spirit:wireTypeDef>
          </spirit:wireTypeDefs>
        </spirit:wire>
      </spirit:port>
      <spirit:port>
        <spirit:name>m00_axi_wready</spirit:name>
        <spirit:wire>
          <spirit:direction>in</spirit:direction>
          <spirit:wireTypeDefs>
            <spirit:wireTypeDef>
              <spirit:typeName>wire</spirit:typeName>
              <spirit:viewNameRef>xilinx_verilogsynthesis</spirit:viewNameRef>
              <spirit:viewNameRef>xilinx_verilogbehavioralsimulation</spirit:viewNameRef>
            </spirit:wireTypeDef>
          </spirit:wireTypeDefs>
        </spirit:wire>
      </spirit:port>
      <spirit:port>
        <spirit:name>m00_axi_bresp</spirit:name>
        <spirit:wire>
          <spirit:direction>in</spirit:direction>
          <spirit:vector>
            <spirit:left spirit:format="long">1</spirit:left>
            <spirit:right spirit:format="long">0</spirit:right>
          </spirit:vector>
          <spirit:wireTypeDefs>
            <spirit:wireTypeDef>
              <spirit:typeName>wire</spirit:typeName>
              <spirit:viewNameRef>xilinx_verilogsynthesis</spirit:viewNameRef>
              <spirit:viewNameRef>xilinx_verilogbehavioralsimulation</spirit:viewNameRef>
            </spirit:wireTypeDef>
          </spirit:wireTypeDefs>
        </spirit:wire>
      </spirit:port>
      <spirit:port>
        <spirit:name>m00_axi_bvalid</spirit:name>
        <spirit:wire>
          <spirit:direction>in</spirit:direction>
          <spirit:wireTypeDefs>
            <spirit:wireTypeDef>
              <spirit:typeName>wire</spirit:typeName>
              <spirit:viewNameRef>xilinx_verilogsynthesis</spirit:viewNameRef>
              <spirit:viewNameRef>xilinx_verilogbehavioralsimulation</spirit:viewNameRef>
            </spirit:wireTypeDef>
          </spirit:wireTypeDefs>
        </spirit:wire>
      </spirit:port>
      <spirit:port>
        <spirit:name>m00_axi_bready</spirit:name>
        <spirit:wire>
          <spirit:direction>out</spirit:direction>
          <spirit:wireTypeDefs>
            <spirit:wireTypeDef>
              <spirit:typeName>wire</spirit:typeName>
              <spirit:viewNameRef>xilinx_verilogsynthesis</spirit:viewNameRef>
              <spirit:viewNameRef>xilinx_verilogbehavioralsimulation</spirit:viewNameRef>
            </spirit:wireTypeDef>
          </spirit:wireTypeDefs>
        </spirit:wire>
      </spirit:port>
      <spirit:port>
        <spirit:name>m00_axi_araddr</spirit:name>
        <spirit:wire>
          <spirit:direction>out</spirit:direction>
          <spirit:vector>
            <spirit:left spirit:format="long" spirit:resolve="dependent" spirit:dependency="(spirit:decode(id(&apos;MODELPARAM_VALUE.C_M00_AXI_ADDR_WIDTH&apos;)) - 1)">31</spirit:left>
            <spirit:right spirit:format="long">0</spirit:right>
          </spirit:vector>
          <spirit:wireTypeDefs>
            <spirit:wireTypeDef>
              <spirit:typeName>wire</spirit:typeName>
              <spirit:viewNameRef>xilinx_verilogsynthesis</spirit:viewNameRef>
              <spirit:viewNameRef>xilinx_verilogbehavioralsimulation</spirit:viewNameRef>
            </spirit:wireTypeDef>
          </spirit:wireTypeDefs>
        </spirit:wire>
      </spirit:port>
      <spirit:port>
        <spirit:name>m00_axi_arprot</spirit:name>
        <spirit:wire>
          <spirit:direction>out</spirit:direction>
          <spirit:vector>
            <spirit:left spirit:format="long">2</spirit:left>
            <spirit:right spirit:format="long">0</spirit:right>
          </spirit:vector>
          <spirit:wireTypeDefs>
            <spirit:wireTypeDef>
              <spirit:typeName>wire</spirit:typeName>
              <spirit:viewNameRef>xilinx_verilogsynthesis</spirit:viewNameRef>
              <spirit:viewNameRef>xilinx_verilogbehavioralsimulation</spirit:viewNameRef>
            </spirit:wireTypeDef>
          </spirit:wireTypeDefs>
        </spirit:wire>
      </spirit:port>
      <spirit:port>
        <spirit:name>m00_axi_arvalid</spirit:name>
        <spirit:wire>
          <spirit:direction>out</spirit:direction>
          <spirit:wireTypeDefs>
            <spirit:wireTypeDef>
              <spirit:typeName>wire</spirit:typeName>
              <spirit:viewNameRef>xilinx_verilogsynthesis</spirit:viewNameRef>
              <spirit:viewNameRef>xilinx_verilogbehavioralsimulation</spirit:viewNameRef>
            </spirit:wireTypeDef>
          </spirit:wireTypeDefs>
        </spirit:wire>
      </spirit:port>
      <spirit:port>
        <spirit:name>m00_axi_arready</spirit:name>
        <spirit:wire>
          <spirit:direction>in</spirit:direction>
          <spirit:wireTypeDefs>
            <spirit:wireTypeDef>
              <spirit:typeName>wire</spirit:typeName>
              <spirit:viewNameRef>xilinx_verilogsynthesis</spirit:viewNameRef>
              <spirit:viewNameRef>xilinx_verilogbehavioralsimulation</spirit:viewNameRef>
            </spirit:wireTypeDef>
          </spirit:wireTypeDefs>
        </spirit:wire>
      </spirit:port>
      <spirit:port>
        <spirit:name>m00_axi_rdata</spirit:name>
        <spirit:wire>
          <spirit:direction>in</spirit:direction>
          <spirit:vector>
            <spirit:left spirit:format="long" spirit:resolve="dependent" spirit:dependency="(spirit:decode(id(&apos;MODELPARAM_VALUE.C_M00_AXI_DATA_WIDTH&apos;)) - 1)">31</spirit:left>
            <spirit:right spirit:format="long">0</spirit:right>
          </spirit:vector>
          <spirit:wireTypeDefs>
            <spirit:wireTypeDef>
              <spirit:typeName>wire</spirit:typeName>
              <spirit:viewNameRef>xilinx_verilogsynthesis</spirit:viewNameRef>
              <spirit:viewNameRef>xilinx_verilogbehavioralsimulation</spirit:viewNameRef>
            </spirit:wireTypeDef>
          </spirit:wireTypeDefs>
        </spirit:wire>
      </spirit:port>
      <spirit:port>
        <spirit:name>m00_axi_rresp</spirit:name>
        <spirit:wire>
          <spirit:direction>in</spirit:direction>
          <spirit:vector>
            <spirit:left spirit:format="long">1</spirit:left>
            <spirit:right spirit:format="long">0</spirit:right>
          </spirit:vector>
          <spirit:wireTypeDefs>
            <spirit:wireTypeDef>
              <spirit:typeName>wire</spirit:typeName>
              <spirit:viewNameRef>xilinx_verilogsynthesis</spirit:viewNameRef>
              <spirit:viewNameRef>xilinx_verilogbehavioralsimulation</spirit:viewNameRef>
            </spirit:wireTypeDef>
          </spirit:wireTypeDefs>
        </spirit:wire>
      </spirit:port>
      <spirit:port>
        <spirit:name>m00_axi_rvalid</spirit:name>
        <spirit:wire>
          <spirit:direction>in</spirit:direction>
          <spirit:wireTypeDefs>
            <spirit:wireTypeDef>
              <spirit:typeName>wire</spirit:typeName>
              <spirit:viewNameRef>xilinx_verilogsynthesis</spirit:viewNameRef>
              <spirit:viewNameRef>xilinx_verilogbehavioralsimulation</spirit:viewNameRef>
            </spirit:wireTypeDef>
          </spirit:wireTypeDefs>
        </spirit:wire>
      </spirit:port>
      <spirit:port>
        <spirit:name>m00_axi_rready</spirit:name>
        <spirit:wire>
          <spirit:direction>out</spirit:direction>
          <spirit:wireTypeDefs>
            <spirit:wireTypeDef>
              <spirit:typeName>wire</spirit:typeName>
              <spirit:viewNameRef>xilinx_verilogsynthesis</spirit:viewNameRef>
              <spirit:viewNameRef>xilinx_verilogbehavioralsimulation</spirit:viewNameRef>
            </spirit:wireTypeDef>
          </spirit:wireTypeDefs>
        </spirit:wire>
      </spirit:port>
    </spirit:ports>
    <spirit:modelParameters>
      <spirit:modelParameter xsi:type="spirit:nameValueTypeType" spirit:dataType="integer">
        <spirit:name>C_M00_AXI_ADDR_WIDTH</spirit:name>
        <spirit:displayName>C M00 AXI ADDR WIDTH</spirit:displayName>
        <spirit:description>Width of M_AXI address bus. 
    // The master generates the read and write addresses of width specified as C_M_AXI_ADDR_WIDTH.</spirit:description>
        <spirit:value spirit:format="long" spirit:resolve="generated" spirit:id="MODELPARAM_VALUE.C_M00_AXI_ADDR_WIDTH" spirit:order="5" spirit:rangeType="long">32</spirit:value>
      </spirit:modelParameter>
      <spirit:modelParameter spirit:dataType="integer">
        <spirit:name>C_M00_AXI_DATA_WIDTH</spirit:name>
        <spirit:displayName>C M00 AXI DATA WIDTH</spirit:displayName>
        <spirit:description>Width of M_AXI data bus. 
    // The master issues write data and accept read data where the width of the data bus is C_M_AXI_DATA_WIDTH</spirit:description>
        <spirit:value spirit:format="long" spirit:resolve="generated" spirit:id="MODELPARAM_VALUE.C_M00_AXI_DATA_WIDTH" spirit:order="6" spirit:rangeType="long">32</spirit:value>
      </spirit:modelParameter>
      <spirit:modelParameter spirit:dataType="integer">
        <spirit:name>C_M00_AXI_TRANSACTIONS_NUM</spirit:name>
        <spirit:displayName>C M00 AXI TRANSACTIONS NUM</spirit:displayName>
        <spirit:description>Transaction number is the number of write 
    // and read transactions the master will perform as a part of this example memory test.</spirit:description>
        <spirit:value spirit:format="long" spirit:resolve="generated" spirit:id="MODELPARAM_VALUE.C_M00_AXI_TRANSACTIONS_NUM" spirit:order="7" spirit:minimum="1" spirit:rangeType="long">8</spirit:value>
      </spirit:modelParameter>
      <spirit:modelParameter spirit:dataType="integer">
        <spirit:name>C_M00_TARGET_RECEIVER_BASE_ADDR</spirit:name>
        <spirit:displayName>C M00 Target Receiver Base Addr</spirit:displayName>
        <spirit:value spirit:format="bitString" spirit:resolve="generated" spirit:id="MODELPARAM_VALUE.C_M00_TARGET_RECEIVER_BASE_ADDR" spirit:bitStringLength="32">0x40000000</spirit:value>
      </spirit:modelParameter>
    </spirit:modelParameters>
  </spirit:model>
  <spirit:choices>
    <spirit:choice>
      <spirit:name>choice_list_6fc15197</spirit:name>
      <spirit:enumeration>32</spirit:enumeration>
    </spirit:choice>
    <spirit:choice>
      <spirit:name>choice_list_9d8b0d81</spirit:name>
      <spirit:enumeration>ACTIVE_HIGH</spirit:enumeration>
      <spirit:enumeration>ACTIVE_LOW</spirit:enumeration>
    </spirit:choice>
    <spirit:choice>
      <spirit:name>choice_pairs_ce1226b1</spirit:name>
      <spirit:enumeration spirit:text="true">1</spirit:enumeration>
      <spirit:enumeration spirit:text="false">0</spirit:enumeration>
    </spirit:choice>
  </spirit:choices>
  <spirit:fileSets>
    <spirit:fileSet>
      <spirit:name>xilinx_verilogsynthesis_view_fileset</spirit:name>
      <spirit:file>
        <spirit:name>hdl/DMA_Controller_v1_0_M00_AXI.v</spirit:name>
        <spirit:fileType>verilogSource</spirit:fileType>
      </spirit:file>
      <spirit:file>
        <spirit:name>hdl/DMA_Controller_v1_0.v</spirit:name>
        <spirit:fileType>verilogSource</spirit:fileType>
        <spirit:userFileType>CHECKSUM_495ae33f</spirit:userFileType>
      </spirit:file>
    </spirit:fileSet>
    <spirit:fileSet>
      <spirit:name>xilinx_verilogbehavioralsimulation_view_fileset</spirit:name>
      <spirit:file>
        <spirit:name>hdl/DMA_Controller_v1_0_M00_AXI.v</spirit:name>
        <spirit:fileType>verilogSource</spirit:fileType>
      </spirit:file>
      <spirit:file>
        <spirit:name>hdl/DMA_Controller_v1_0.v</spirit:name>
        <spirit:fileType>verilogSource</spirit:fileType>
      </spirit:file>
    </spirit:fileSet>
    <spirit:fileSet>
      <spirit:name>xilinx_xpgui_view_fileset</spirit:name>
      <spirit:file>
        <spirit:name>xgui/DMA_Controller_v1_0.tcl</spirit:name>
        <spirit:fileType>tclSource</spirit:fileType>
        <spirit:userFileType>CHECKSUM_18f8d891</spirit:userFileType>
        <spirit:userFileType>XGUI_VERSION_2</spirit:userFileType>
      </spirit:file>
    </spirit:fileSet>
    <spirit:fileSet>
      <spirit:name>bd_tcl_view_fileset</spirit:name>
      <spirit:file>
        <spirit:name>bd/bd.tcl</spirit:name>
        <spirit:fileType>tclSource</spirit:fileType>
      </spirit:file>
    </spirit:fileSet>
  </spirit:fileSets>
  <spirit:description>Controls DMA for demo.</spirit:description>
  <spirit:parameters>
    <spirit:parameter>
      <spirit:name>C_M00_AXI_ADDR_WIDTH</spirit:name>
      <spirit:displayName>C M00 AXI ADDR WIDTH</spirit:displayName>
      <spirit:description>Width of M_AXI address bus. 
    // The master generates the read and write addresses of width specified as C_M_AXI_ADDR_WIDTH.</spirit:description>
      <spirit:value spirit:format="long" spirit:resolve="user" spirit:id="PARAM_VALUE.C_M00_AXI_ADDR_WIDTH" spirit:order="5" spirit:rangeType="long">32</spirit:value>
      <spirit:vendorExtensions>
        <xilinx:parameterInfo>
          <xilinx:enablement>
            <xilinx:isEnabled xilinx:id="PARAM_ENABLEMENT.C_M00_AXI_ADDR_WIDTH">false</xilinx:isEnabled>
          </xilinx:enablement>
        </xilinx:parameterInfo>
      </spirit:vendorExtensions>
    </spirit:parameter>
    <spirit:parameter>
      <spirit:name>C_M00_AXI_DATA_WIDTH</spirit:name>
      <spirit:displayName>C M00 AXI DATA WIDTH</spirit:displayName>
      <spirit:description>Width of M_AXI data bus. 
    // The master issues write data and accept read data where the width of the data bus is C_M_AXI_DATA_WIDTH</spirit:description>
      <spirit:value spirit:format="long" spirit:resolve="user" spirit:id="PARAM_VALUE.C_M00_AXI_DATA_WIDTH" spirit:choiceRef="choice_list_6fc15197" spirit:order="6">32</spirit:value>
      <spirit:vendorExtensions>
        <xilinx:parameterInfo>
          <xilinx:enablement>
            <xilinx:isEnabled xilinx:id="PARAM_ENABLEMENT.C_M00_AXI_DATA_WIDTH">false</xilinx:isEnabled>
          </xilinx:enablement>
        </xilinx:parameterInfo>
      </spirit:vendorExtensions>
    </spirit:parameter>
    <spirit:parameter>
      <spirit:name>C_M00_AXI_TRANSACTIONS_NUM</spirit:name>
      <spirit:displayName>C M00 AXI TRANSACTIONS NUM</spirit:displayName>
      <spirit:description>Transaction number is the number of write 
    // and read transactions the master will perform as a part of this example memory test.</spirit:description>
      <spirit:value spirit:format="long" spirit:resolve="user" spirit:id="PARAM_VALUE.C_M00_AXI_TRANSACTIONS_NUM" spirit:order="7" spirit:minimum="1" spirit:rangeType="long">8</spirit:value>
    </spirit:parameter>
    <spirit:parameter>
      <spirit:name>Component_Name</spirit:name>
      <spirit:value spirit:resolve="user" spirit:id="PARAM_VALUE.Component_Name" spirit:order="1">DMA_Controller_v1_0</spirit:value>
    </spirit:parameter>
    <spirit:parameter>
      <spirit:name>C_M00_TARGET_RECEIVER_BASE_ADDR</spirit:name>
      <spirit:displayName>C M00 Target Receiver Base Addr</spirit:displayName>
      <spirit:value spirit:format="bitString" spirit:resolve="user" spirit:id="PARAM_VALUE.C_M00_TARGET_RECEIVER_BASE_ADDR" spirit:bitStringLength="32">0x40000000</spirit:value>
    </spirit:parameter>
  </spirit:parameters>
  <spirit:vendorExtensions>
    <xilinx:coreExtensions>
      <xilinx:supportedFamilies>
        <xilinx:family xilinx:lifeCycle="Pre-Production">zynq</xilinx:family>
      </xilinx:supportedFamilies>
      <xilinx:taxonomies>
        <xilinx:taxonomy>AXI_Peripheral</xilinx:taxonomy>
      </xilinx:taxonomies>
      <xilinx:displayName>DMA_Controller_v1.0</xilinx:displayName>
      <xilinx:coreRevision>6</xilinx:coreRevision>
      <xilinx:coreCreationDateTime>2023-08-27T01:59:04Z</xilinx:coreCreationDateTime>
      <xilinx:tags>
        <xilinx:tag xilinx:name="ui.data.coregen.dd@277278e6_ARCHIVE_LOCATION">c:/Users/paral/ip_repo/DMA_Controller_1.0</xilinx:tag>
        <xilinx:tag xilinx:name="ui.data.coregen.dd@6babdf3_ARCHIVE_LOCATION">c:/Users/paral/ip_repo/DMA_Controller_1.0</xilinx:tag>
        <xilinx:tag xilinx:name="ui.data.coregen.dd@47710e16_ARCHIVE_LOCATION">c:/Users/paral/ip_repo/DMA_Controller_1.0</xilinx:tag>
        <xilinx:tag xilinx:name="ui.data.coregen.dd@62c7ff91_ARCHIVE_LOCATION">c:/Users/paral/ip_repo/DMA_Controller_1.0</xilinx:tag>
        <xilinx:tag xilinx:name="ui.data.coregen.dd@75511d46_ARCHIVE_LOCATION">c:/Users/paral/ip_repo/DMA_Controller_1.0</xilinx:tag>
        <xilinx:tag xilinx:name="ui.data.coregen.dd@14de75f9_ARCHIVE_LOCATION">c:/Users/paral/ip_repo/DMA_Controller_1.0</xilinx:tag>
        <xilinx:tag xilinx:name="ui.data.coregen.dd@6fcfdab8_ARCHIVE_LOCATION">c:/Users/paral/ip_repo/DMA_Controller_1.0</xilinx:tag>
        <xilinx:tag xilinx:name="ui.data.coregen.dd@5b15a3b7_ARCHIVE_LOCATION">c:/Users/paral/ip_repo/DMA_Controller_1.0</xilinx:tag>
        <xilinx:tag xilinx:name="ui.data.coregen.dd@4afec075_ARCHIVE_LOCATION">c:/Users/paral/ip_repo/DMA_Controller_1.0</xilinx:tag>
        <xilinx:tag xilinx:name="ui.data.coregen.dd@3f1b2305_ARCHIVE_LOCATION">c:/Users/paral/ip_repo/DMA_Controller_1.0</xilinx:tag>
        <xilinx:tag xilinx:name="ui.data.coregen.dd@20606b3a_ARCHIVE_LOCATION">c:/Users/paral/ip_repo/DMA_Controller_1.0</xilinx:tag>
        <xilinx:tag xilinx:name="ui.data.coregen.dd@6ac40bda_ARCHIVE_LOCATION">c:/Users/paral/ip_repo/DMA_Controller_1.0</xilinx:tag>
        <xilinx:tag xilinx:name="ui.data.coregen.dd@914d6f4_ARCHIVE_LOCATION">c:/Users/paral/ip_repo/DMA_Controller_1.0</xilinx:tag>
        <xilinx:tag xilinx:name="ui.data.coregen.dd@316af621_ARCHIVE_LOCATION">c:/Users/paral/ip_repo/DMA_Controller_1.0</xilinx:tag>
        <xilinx:tag xilinx:name="ui.data.coregen.dd@7588fa78_ARCHIVE_LOCATION">c:/Users/paral/ip_repo/DMA_Controller_1.0</xilinx:tag>
        <xilinx:tag xilinx:name="ui.data.coregen.dd@59cbf286_ARCHIVE_LOCATION">c:/Users/paral/ip_repo/DMA_Controller_1.0</xilinx:tag>
        <xilinx:tag xilinx:name="ui.data.coregen.dd@49bbf255_ARCHIVE_LOCATION">c:/Users/paral/ip_repo/DMA_Controller_1.0</xilinx:tag>
        <xilinx:tag xilinx:name="ui.data.coregen.dd@6be78187_ARCHIVE_LOCATION">c:/Users/paral/ip_repo/DMA_Controller_1.0</xilinx:tag>
        <xilinx:tag xilinx:name="ui.data.coregen.dd@618f259_ARCHIVE_LOCATION">c:/Users/paral/ip_repo/DMA_Controller_1.0</xilinx:tag>
        <xilinx:tag xilinx:name="ui.data.coregen.dd@2dbfa562_ARCHIVE_LOCATION">c:/Users/paral/ip_repo/DMA_Controller_1.0</xilinx:tag>
        <xilinx:tag xilinx:name="ui.data.coregen.dd@55d3d452_ARCHIVE_LOCATION">c:/Users/paral/ip_repo/DMA_Controller_1.0</xilinx:tag>
        <xilinx:tag xilinx:name="ui.data.coregen.dd@1e693a2b_ARCHIVE_LOCATION">c:/Users/paral/ip_repo/DMA_Controller_1.0</xilinx:tag>
        <xilinx:tag xilinx:name="ui.data.coregen.dd@3e1c622f_ARCHIVE_LOCATION">c:/Users/paral/ip_repo/DMA_Controller_1.0</xilinx:tag>
        <xilinx:tag xilinx:name="ui.data.coregen.dd@47e0f077_ARCHIVE_LOCATION">c:/Users/paral/ip_repo/DMA_Controller_1.0</xilinx:tag>
        <xilinx:tag xilinx:name="ui.data.coregen.dd@4f2fb6f_ARCHIVE_LOCATION">c:/Users/paral/ip_repo/DMA_Controller_1.0</xilinx:tag>
        <xilinx:tag xilinx:name="ui.data.coregen.dd@20f68dba_ARCHIVE_LOCATION">c:/Users/paral/ip_repo/DMA_Controller_1.0</xilinx:tag>
        <xilinx:tag xilinx:name="ui.data.coregen.dd@3a35a50d_ARCHIVE_LOCATION">c:/Users/paral/ip_repo/DMA_Controller_1.0</xilinx:tag>
        <xilinx:tag xilinx:name="ui.data.coregen.dd@2a2cf76a_ARCHIVE_LOCATION">c:/Users/paral/ip_repo/DMA_Controller_1.0</xilinx:tag>
        <xilinx:tag xilinx:name="ui.data.coregen.dd@79896099_ARCHIVE_LOCATION">c:/Users/paral/ip_repo/DMA_Controller_1.0</xilinx:tag>
        <xilinx:tag xilinx:name="ui.data.coregen.dd@327e2f6e_ARCHIVE_LOCATION">c:/Users/paral/ip_repo/DMA_Controller_1.0</xilinx:tag>
        <xilinx:tag xilinx:name="ui.data.coregen.dd@3bd9492e_ARCHIVE_LOCATION">c:/Users/paral/ip_repo/DMA_Controller_1.0</xilinx:tag>
        <xilinx:tag xilinx:name="ui.data.coregen.dd@74b72b09_ARCHIVE_LOCATION">c:/Users/paral/ip_repo/DMA_Controller_1.0</xilinx:tag>
        <xilinx:tag xilinx:name="ui.data.coregen.dd@73bffa36_ARCHIVE_LOCATION">c:/Users/paral/ip_repo/DMA_Controller_1.0</xilinx:tag>
        <xilinx:tag xilinx:name="ui.data.coregen.dd@24041c52_ARCHIVE_LOCATION">c:/Users/paral/ip_repo/DMA_Controller_1.0</xilinx:tag>
        <xilinx:tag xilinx:name="ui.data.coregen.dd@39831c5b_ARCHIVE_LOCATION">c:/Users/paral/ip_repo/DMA_Controller_1.0</xilinx:tag>
        <xilinx:tag xilinx:name="ui.data.coregen.dd@1f266d1a_ARCHIVE_LOCATION">c:/Users/paral/ip_repo/DMA_Controller_1.0</xilinx:tag>
        <xilinx:tag xilinx:name="ui.data.coregen.dd@3ab55016_ARCHIVE_LOCATION">c:/Users/paral/ip_repo/DMA_Controller_1.0</xilinx:tag>
        <xilinx:tag xilinx:name="ui.data.coregen.dd@4746000e_ARCHIVE_LOCATION">c:/Users/paral/ip_repo/DMA_Controller_1.0</xilinx:tag>
        <xilinx:tag xilinx:name="ui.data.coregen.dd@2cfc762f_ARCHIVE_LOCATION">c:/Users/paral/ip_repo/DMA_Controller_1.0</xilinx:tag>
        <xilinx:tag xilinx:name="ui.data.coregen.dd@53e050f9_ARCHIVE_LOCATION">c:/Users/paral/ip_repo/DMA_Controller_1.0</xilinx:tag>
        <xilinx:tag xilinx:name="ui.data.coregen.dd@72c446df_ARCHIVE_LOCATION">c:/Users/paral/ip_repo/DMA_Controller_1.0</xilinx:tag>
        <xilinx:tag xilinx:name="ui.data.coregen.dd@697e94de_ARCHIVE_LOCATION">c:/Users/paral/ip_repo/DMA_Controller_1.0</xilinx:tag>
        <xilinx:tag xilinx:name="ui.data.coregen.dd@6ca1f1d4_ARCHIVE_LOCATION">c:/Users/paral/ip_repo/DMA_Controller_1.0</xilinx:tag>
        <xilinx:tag xilinx:name="ui.data.coregen.dd@4fd837de_ARCHIVE_LOCATION">c:/Users/paral/ip_repo/DMA_Controller_1.0</xilinx:tag>
        <xilinx:tag xilinx:name="ui.data.coregen.dd@76e28e7c_ARCHIVE_LOCATION">c:/Users/paral/ip_repo/DMA_Controller_1.0</xilinx:tag>
        <xilinx:tag xilinx:name="ui.data.coregen.dd@521d24e3_ARCHIVE_LOCATION">c:/Users/paral/ip_repo/DMA_Controller_1.0</xilinx:tag>
        <xilinx:tag xilinx:name="ui.data.coregen.dd@1c139946_ARCHIVE_LOCATION">c:/Users/paral/ip_repo/DMA_Controller_1.0</xilinx:tag>
        <xilinx:tag xilinx:name="ui.data.coregen.dd@604320b9_ARCHIVE_LOCATION">c:/Users/paral/ip_repo/DMA_Controller_1.0</xilinx:tag>
        <xilinx:tag xilinx:name="ui.data.coregen.dd@69575950_ARCHIVE_LOCATION">c:/Users/paral/ip_repo/DMA_Controller_1.0</xilinx:tag>
        <xilinx:tag xilinx:name="ui.data.coregen.dd@157a1459_ARCHIVE_LOCATION">c:/Users/paral/ip_repo/DMA_Controller_1.0</xilinx:tag>
        <xilinx:tag xilinx:name="ui.data.coregen.dd@14a1df8_ARCHIVE_LOCATION">c:/Users/paral/ip_repo/DMA_Controller_1.0</xilinx:tag>
        <xilinx:tag xilinx:name="ui.data.coregen.dd@2c73694b_ARCHIVE_LOCATION">c:/Users/paral/ip_repo/DMA_Controller_1.0</xilinx:tag>
        <xilinx:tag xilinx:name="ui.data.coregen.dd@133b232e_ARCHIVE_LOCATION">c:/Users/paral/ip_repo/DMA_Controller_1.0</xilinx:tag>
        <xilinx:tag xilinx:name="ui.data.coregen.dd@5e8c594a_ARCHIVE_LOCATION">c:/Users/paral/ip_repo/DMA_Controller_1.0</xilinx:tag>
        <xilinx:tag xilinx:name="ui.data.coregen.dd@33b44aaf_ARCHIVE_LOCATION">c:/Users/paral/ip_repo/DMA_Controller_1.0</xilinx:tag>
        <xilinx:tag xilinx:name="ui.data.coregen.dd@89f5365_ARCHIVE_LOCATION">c:/Users/paral/ip_repo/DMA_Controller_1.0</xilinx:tag>
        <xilinx:tag xilinx:name="ui.data.coregen.dd@13de0cba_ARCHIVE_LOCATION">c:/Users/paral/ip_repo/DMA_Controller_1.0</xilinx:tag>
        <xilinx:tag xilinx:name="ui.data.coregen.dd@78e0c357_ARCHIVE_LOCATION">c:/Users/paral/ip_repo/DMA_Controller_1.0</xilinx:tag>
        <xilinx:tag xilinx:name="ui.data.coregen.dd@35ca6a3e_ARCHIVE_LOCATION">c:/Users/paral/ip_repo/DMA_Controller_1.0</xilinx:tag>
        <xilinx:tag xilinx:name="ui.data.coregen.dd@39f10907_ARCHIVE_LOCATION">c:/Users/paral/ip_repo/DMA_Controller_1.0</xilinx:tag>
        <xilinx:tag xilinx:name="ui.data.coregen.dd@8849066_ARCHIVE_LOCATION">c:/Users/paral/ip_repo/DMA_Controller_1.0</xilinx:tag>
        <xilinx:tag xilinx:name="ui.data.coregen.dd@383a50e1_ARCHIVE_LOCATION">c:/Users/paral/ip_repo/DMA_Controller_1.0</xilinx:tag>
        <xilinx:tag xilinx:name="ui.data.coregen.dd@62929a57_ARCHIVE_LOCATION">c:/Users/paral/ip_repo/DMA_Controller_1.0</xilinx:tag>
        <xilinx:tag xilinx:name="ui.data.coregen.dd@6603fd98_ARCHIVE_LOCATION">c:/Users/paral/ip_repo/DMA_Controller_1.0</xilinx:tag>
        <xilinx:tag xilinx:name="ui.data.coregen.dd@3aa2847_ARCHIVE_LOCATION">c:/Users/paral/ip_repo/DMA_Controller_1.0</xilinx:tag>
        <xilinx:tag xilinx:name="ui.data.coregen.dd@65c60a2f_ARCHIVE_LOCATION">c:/Users/paral/ip_repo/DMA_Controller_1.0</xilinx:tag>
        <xilinx:tag xilinx:name="ui.data.coregen.dd@5bc0197a_ARCHIVE_LOCATION">c:/Users/paral/ip_repo/DMA_Controller_1.0</xilinx:tag>
        <xilinx:tag xilinx:name="ui.data.coregen.dd@28411d4_ARCHIVE_LOCATION">c:/Users/paral/ip_repo/DMA_Controller_1.0</xilinx:tag>
        <xilinx:tag xilinx:name="ui.data.coregen.dd@40f3d007_ARCHIVE_LOCATION">c:/Users/paral/ip_repo/DMA_Controller_1.0</xilinx:tag>
        <xilinx:tag xilinx:name="ui.data.coregen.dd@162b6ca6_ARCHIVE_LOCATION">c:/Users/paral/ip_repo/DMA_Controller_1.0</xilinx:tag>
        <xilinx:tag xilinx:name="ui.data.coregen.dd@70cfee50_ARCHIVE_LOCATION">c:/Users/paral/ip_repo/DMA_Controller_1.0</xilinx:tag>
        <xilinx:tag xilinx:name="ui.data.coregen.dd@4892091_ARCHIVE_LOCATION">c:/Users/paral/ip_repo/DMA_Controller_1.0</xilinx:tag>
        <xilinx:tag xilinx:name="ui.data.coregen.dd@75c384cc_ARCHIVE_LOCATION">c:/Users/paral/ip_repo/DMA_Controller_1.0</xilinx:tag>
        <xilinx:tag xilinx:name="ui.data.coregen.dd@68d5a6d7_ARCHIVE_LOCATION">c:/Users/paral/ip_repo/DMA_Controller_1.0</xilinx:tag>
        <xilinx:tag xilinx:name="ui.data.coregen.dd@3300a658_ARCHIVE_LOCATION">c:/Users/paral/ip_repo/DMA_Controller_1.0</xilinx:tag>
        <xilinx:tag xilinx:name="ui.data.coregen.dd@53997bfd_ARCHIVE_LOCATION">c:/Users/paral/ip_repo/DMA_Controller_1.0</xilinx:tag>
        <xilinx:tag xilinx:name="ui.data.coregen.dd@2d19edd0_ARCHIVE_LOCATION">c:/Users/paral/ip_repo/DMA_Controller_1.0</xilinx:tag>
        <xilinx:tag xilinx:name="ui.data.coregen.dd@15239727_ARCHIVE_LOCATION">c:/Users/paral/ip_repo/DMA_Controller_1.0</xilinx:tag>
        <xilinx:tag xilinx:name="ui.data.coregen.dd@58ccf083_ARCHIVE_LOCATION">c:/Users/paral/ip_repo/DMA_Controller_1.0</xilinx:tag>
        <xilinx:tag xilinx:name="ui.data.coregen.dd@568b6431_ARCHIVE_LOCATION">c:/Users/paral/ip_repo/DMA_Controller_1.0</xilinx:tag>
        <xilinx:tag xilinx:name="ui.data.coregen.dd@69225724_ARCHIVE_LOCATION">c:/Users/paral/ip_repo/DMA_Controller_1.0</xilinx:tag>
        <xilinx:tag xilinx:name="ui.data.coregen.dd@9f187f5_ARCHIVE_LOCATION">c:/Users/paral/ip_repo/DMA_Controller_1.0</xilinx:tag>
      </xilinx:tags>
    </xilinx:coreExtensions>
    <xilinx:packagingInfo>
      <xilinx:xilinxVersion>2020.1</xilinx:xilinxVersion>
      <xilinx:checksum xilinx:scope="busInterfaces" xilinx:value="188e99b4"/>
      <xilinx:checksum xilinx:scope="addressSpaces" xilinx:value="55bfeea0"/>
      <xilinx:checksum xilinx:scope="fileGroups" xilinx:value="a03d2406"/>
      <xilinx:checksum xilinx:scope="ports" xilinx:value="0d03cca1"/>
      <xilinx:checksum xilinx:scope="hdlParameters" xilinx:value="8fa682e8"/>
      <xilinx:checksum xilinx:scope="parameters" xilinx:value="d1944852"/>
    </xilinx:packagingInfo>
  </spirit:vendorExtensions>
</spirit:component>
